words;weights
X000;1
X075;3
X0909;1
X0910;1
X099;1
X100;2
X100m;1
X1085;3
X10min;1
X110;1
X13apple;1
X13th;1
X1415;1
X16gb;1
X16gbs;1
X180;1
X18092013;1
X18th;2
X199;3
X1am;1
X1jazzyjeff;1
X1st;1
X200;2
X2000ad;1
X2001;1
X2002;1
X2004;1
X2005;2
X2011with;1
X2013;4
X2014;3
X20th;4
X211;1
X21st;1
X22000;1
X22nd;1
X244tsuyoponzu;6
X2nd;2
X2shaneez;1
X2week;1
X300;2
X30aud;1
X30mins;1
X320k;1
X350;1
X3gs;1
X3rd;1
X3yr;1
X40000;1
X40k;1
X40mb;1
X4eva;1
X500;1
X528;1
X549;2
X550;1
X55cs;1
X55mb;1
X5cheap;2
X5s5c;2
X5same;1
X5sc;2
X5sdo;1
X5slfw;1
X5th;2
X600;1
X6000;1
X64bit;4
X65min;1
X6monthlifespan;1
X719;1
X740;1
X777;1
X7evenstarz;7
X7pm;1
X7wow;1
X86m;1
X884;1
X899;1
X8bitsound;1
X900;1
X917;1
X99preorder;1
a7s;1
aaaaaapple;1
aapl;2
abrsm;1
absolutely;4
abt;2
acampan;1
acceptable;1
access;4
accidentally;2
acciones;3
according;1
accordingtonina;1
account;4
accurate;1
ace;1
achievement;1
achieves;1
achieving;1
acquires;1
act;1
acting;4
action;1
activist;1
activists;1
actual;1
actually;8
adambain;5
add;5
added;3
addictions;1
adding;1
address;1
adds;1
adjust;1
admit;1
admitting;1
adobe;1
adopters;1
adornar;1
adpromo;1
advanced;1
advantage;1
adventure;1
advertising;1
afford;1
affordable;1
afuera;1
againthe;1
aggressive;1
ago;2
agounalakis;1
agree;1
agreement;1
ahead;1
aheaux;2
ahi;1
ahora;1
aid;1
aiming;2
aint;6
air;1
airbnb;1
aires;1
airplay;1
airwaysmagazine;2
akemisue;1
alaric;1
alarm;4
alarms;1
album;2
alcagimizi;1
alert;1
alfredopetas;1
algilari;1
algo;1
ali;1
alip;1
alleen;1
aller;1
allow;2
allowing;1
allows;1
allre;1
almost;3
already;11
als;1
alshepmh;1
also;5
although;1
alum;1
alumnart;1
always;8
amazing;7
amazon;11
americascup;1
amerikada;1
amount;2
analogdanny;1
analyse;1
analysts;1
android;23
androids;1
andymiah;2
annieftmccann;1
announce;3
announced;3
announcement;6
announcements;2
announces;4
announcing;1
annoyed;1
annoying;4
anodized;1
anong;1
another;3
ans;1
answer;1
ant;1
ante;2
antenna;1
anti;1
anticipation;1
antireflective;1
antoneg;1
anunciarse;1
anuncio;1
anybody;2
anymore;2
anyone;19
anyones;1
anything;1
anythng;1
anyway;3
anyways;1
apa;1
apetece;1
api;1
app;39
apparently;4
appl;1
apple;1297
applebashing;1
appleberry;1
applecare;2
applecom;2
appled;1
appledevcenter;1
appleevent;1
applefreak;1
appleinsider;1
applenews;2
applenws;3
applepicking;1
applequestionierr;1
applereason;1
applerort;1
apples;32
applestoreamsterdam;1
appletax;1
appletv;4
appletweets;5
applewhy;1
applewow;1
appointment;1
apportando;1
approve;1
approved;1
approves;1
apps;15
appstore;7
appt;1
aprovecha;1
apt;1
arabic;1
archrival;2
arent;7
argh;2
ari;1
arianagrande;1
around;3
arrogance;1
artcenteralum;1
article;5
asap;1
ashamed;1
asi;4
asia;1
asian;1
aside;1
ask;1
asked;1
asking;3
asks;3
asleep;1
asphalt8;1
assistance;1
astrologyzone;1
att;3
attached;1
attack;1
attributeownership;1
audio;1
australia;2
australians;1
authorized;1
auto;3
autocomplete;1
autocorrect;2
autocorrects;1
autofill;1
automakers;1
automatically;1
autoplay;1
autotext;2
available;10
avidprotools;2
avoninspire;1
aware;1
away;6
awesome;8
axel;1
axis;1
ayo;1
ayudamovistarve;5
back;20
backchannel;1
backdoor;1
backed;2
background;1
backs;1
backwards;1
bad;5
baixar;1
baixou;1
baja;1
bajan;1
ball;1
balls;1
banca;3
bandwagon;1
banget;1
banging;1
bankrupt;1
banned;2
bar;2
barackobama;2
baratos;3
bare;1
based;1
basic;1
basically;4
bateria;1
battalalgoos;3
batteries;2
batterij;1
battery;18
battle;2
bb10;1
bbm;1
bbm4all;2
bbry;1
bby;1
bdwallace;1
beard;1
beasted;1
beat;2
beats;1
beautiful;2
beautifully;1
beauty;1
become;3
becoming;1
bed;1
beef;1
beforehand;1
behappy;1
behind;2
beidzot;1
beja;1
beli;1
believe;3
believer;1
belongs;1
benchmarks;1
benefits;1
benigeri;1
berasa;1
berry;1
besides;1
best;12
bestbuy;1
bestits;1
betalen;1
betas;1
betehene;1
better;20
betterstronger;1
bewegingsproces;1
bewegingsprocessor;1
beyonce;2
bezoekje;1
bic;1
big;10
bigger;2
biggest;2
bij;1
bilinmez;1
biometric;2
biometrics;3
biometricstech;1
bir;1
bird;1
birth;1
birthday;1
bit;9
bitcoins;1
bite;1
bitter;1
biz;2
bize;1
black;12
blackapple;1
blackberry;9
blackberryq5;1
blakegrahampga;1
blatantly;1
ble;1
blinded;1
blindoldfreak;1
blocklike;1
blog;1
blogdiva;1
bloody;1
blows;1
bluetooth;1
bnbuzz;1
boa;1
boeingairplanes;2
bogus;1
bold;1
bolsa;1
bom;1
bonus;1
boo;2
boomheadshot;1
boring;1
bostonreid;1
bought;1
bout;1
bouta;1
boutthatlife;1
boxing;1
boy;1
boycott;2
boydscot;1
bozaagency;1
bphone;1
brand;4
brands;1
brat;2
brats;1
bravo;1
break.;5
breakable;1
breaking;1
breakthroughs;1
brenberryblast;1
brengen;1
bretfordmanf;1
breve;1
brian;1
briantong;1
bridge;1
bridgetcarey;1
briefing;1
bright;1
brighter;1
brilliant;2
bring;5
brings;2
bro;2
brodyknibbs;1
broke;3
broken;1
brokenhomebutton;1
brothers;1
brought;2
brown;1
bruh;1
bubblemania;5
bubbles;1
bucks;2
budget;1
bueno;4
building;1
builds;1
built;1
bullstuff;2
bum;1
bunch;1
burberry;9
burgesg;1
burned;1
burst;1
bus;1
business;8
businesses;1
businessmen;1
butt;5
butthole;1
button;5
buy;17
buyers;1
buying;4
bybye;1
bye;1
byondbeauty09;1
c7five;1
cago;1
cakes;1
calendar;2
california;1
call;2
called;6
calling;3
calm;1
cambiar;1
came;3
camera;5
camp;1
can;48
canada;1
canada599;1
canadians;1
cancer;1
cant;23
capability;1
capitalizing;1
capture;1
car;1
carbon;8
card;1
cards;9
care;11
cares;1
carry;2
carsharing;1
cart;1
case;5
cases;2
catch;1
caterpillar;1
caterpillarinc;1
catherine;1
catscab;2
cause;3
cb4g;1
cdp;8
cdproject;1
cecilialuis;1
cellphone;1
celu;1
cemented;1
cemorecake718;1
centurys;1
ceo;4
certainly;1
certaintyno;1
chaban;1
challenge;1
champagne;3
champfered;1
chance;2
change;4
changed;1
changers;1
changes;1
changing;1
channels;1
charge;7
charged;1
charger;3
chargers;11
chat;1
cheap;14
cheapen;1
cheaper;3
check;4
checked;1
cheep;1
cheerios;1
cheers;1
cherylcole;1
chief;1
chiiiique;1
child;1
childrens;1
chile;1
chillin;1
china;8
chinese;1
chinos;2
chip;4
chips;2
chipset;1
choicenot;1
choisir;1
cholula;1
choose;1
choosing;1
chose;1
chrischorner;1
christ;1
christmas;2
chrome;3
chunherena;1
cisco;1
claim;1
clarifies;1
classes;1
classic;2
classy;1
claves;2
clean;1
clear;3
cleveland;1
click;1
clickitandlickit;1
climate;1
clinton;1
closest;1
clothes;1
cloud;3
clusoclusos;1
cmb1974;1
cmon;2
cnet;2
cnnee;1
cnnmoney;1
co2;1
coarse;1
cobertura;1
code;2
codes;1
coffin;1
coining;1
coisinha;1
collaborate;1
collaborates;2
collection;1
collin;1
color;11
colored;1
coloridas;1
colors;5
colour;3
colourful;2
colours;3
comcast;1
come;18
comes;5
coming;9
comment;1
commerce;1
commercial;2
commitment;1
commodity;1
common;1
como;2
companies;4
company;10
companys;1
compare;1
comparison;1
compartment;1
compete;2
complacency;1
complain;1
complete;3
completely;1
complexity;1
comprar;1
compre;1
compte;1
computer;1
computers;1
con;2
concept;2
concepts;1
condescension;7
condom;6
conference;1
confession;1
confirmed;1
confirming;1
confuse;1
congrats;1
connect;2
connection;1
cons;1
conservative;1
consider;1
considered;1
considering;1
consigo;1
conspiracy;1
constantly;2
constructive;1
consumer;3
consumerbased;1
contain;1
content;2
continue;5
contract;2
controls;1
convence;1
convert;2
convolution;1
cook;4
cool;6
cop;1
copia;1
copied;1
copies;1
coprocessor;1
copy;4
copying;1
copyp;1
cords;2
coremotion;1
corporatebully;1
corporations;1
corps;1
correct;2
correctly;1
correzionifreelysoft;1
cost;2
couldnt;4
coulour;1
count;2
counterpoint;1
countries;1
coupon;1
course;4
court;1
courtesy;1
courtsideassistappforios;1
coverage;1
covering;1
covers;1
cow;2
cowbells;1
cows;1
crack;1
cracked;4
cracks;1
crap;3
crapple;2
crash;1
crashing;1
crazy;2
create;4
created;3
creating;1
creative;1
creativefutur;3
creek;1
creep;1
crime;1
crisp;1
crocker;1
crocs;2
crois;1
crowd;1
cry;1
crying;1
crypto;1
csotournament;1
csr;1
cth;1
ctl;1
cuando;3
culpa;3
cupert;1
cupertino;1
curious;2
current;2
currently;1
cursing;1
cust;1
customer;7
customerexplabs;1
customernot;1
customers;2
customization;1
customize;1
cut;4
cute;1
cuz;2
cybersecurity;1
cycle;1
dad;1
dafuq;1
damage;1
dammit;1
dana;1
danny;1
dans;1
darling;1
darn;7
darnit;2
darnyouiphone;1
darrensproat;2
darthdream;1
dat;2
data;11
database;1
date;6
dave;1
dave1010;1
davehakkens;1
davetwentyman;1
day;10
daycare;1
dayiya;1
days;8
dead;2
deadmau5;1
deal;5
dear;15
deathmatch;1
decided;2
decision;1
decline;1
deepfail;1
def;1
default;1
defeated;1
defend;1
defending;1
definitely;2
definitivamente;1
degil;1
deh;1
deixava;1
del;3
delay;1
delete;2
deleted;2
deliberately;1
delilahevening;2
delivers;1
delivery;1
dell;2
delmas;1
delta;1
deltaassist;1
dem;1
demand;2
demise;1
demo;1
demonstrate;1
dengan;1
departure;1
deployment13;1
dept;2
derek;1
dereksanders;2
desaparecido;1
desarrollo;1
descola;1
descontinuado;1
describe;1
design;7
designed;2
desktop;1
desperate;4
despise;1
destructions;1
destructive;1
detailed;1
details;2
deterrent;1
deukjes;1
dev;1
develop;1
developer;3
developers;1
development;3
device;2
devices;17
devises;1
devs;1
dgdtheband;1
diabetic;1
diciembre;1
didnt;12
die;3
died;3
diego;2
dies;1
differ;1
difference;3
different;8
differentiate;1
difficult;1
digam;1
digital;1
digitallyperfect;1
digitizers;1
dije;1
dinero;1
dinosaur;1
dint;1
dis;1
disabled;1
disappoint;2
disappointed;3
disappointing;1
disappointment;2
disaster;1
disclose;2
disclosing;1
discontinues;7
discontinuing;1
discount;2
discounts;2
disgrace;4
dislikes;1
display;2
dispositivos;2
diss;1
diversity;1
divulge;7
diyip;1
dla;1
dnld;1
doc;1
doctorveritas;1
dodgy;1
doer;1
doesnt;13
doet;1
doigt;1
dolara;1
dominate;1
dominating;1
don1za;4
donate;1
donations;1
done;11
dont;50
door;1
doors;1
dots;1
doubles;1
dougkass;1
dougrtequan;3
download;3
downloaded;2
downloading;1
downs;1
drawing;1
dreams;1
dreamz;1
dredd;1
drive;2
driven;1
driving;2
drlarazib;1
droclicquot;1
drop;2
dropped;4
drops;3
drumroll;1
dsma;1
dstv;1
dualcores;1
dude;3
due;1
dumb;1
dump;1
dunia;1
dunno;1
dure;1
dying;3
dynamics;1
dynamictim;1
dyson;1
ear;1
early;2
earphones;1
earpods;1
ears;2
ease;1
easier;4
easily;1
easy;1
ebaycheck;2
ebayindia;1
echrofon;1
ecstatic;1
edge;1
edges;1
editing;1
editoradraco;1
edtech;1
education;1
een;2
effect;1
effects;1
effing;1
ehhh;1
either;4
eldaily;1
electrafood;4
electronics;1
eligible;1
eliminate;1
ellenpompeo;1
elliedash;1
else.;4
eltonjohn;1
email;5
emails;1
emas;1
embarassing;1
embrace;1
emergency;1
emiratesteamnz;1
emisions;1
emission;1
emissions;7
emmmahemmings;1
emoji;9
emojis;3
emoticons;1
emperorsnewclothes;1
empires;1
employee;2
empower;1
ems;1
encountered;1
encrypted;1
end;3
endless;1
engineered;1
engineering;1
engineers;2
enjoy;1
enough;5
entel;1
entering;1
enterprise;1
entertain;1
entertainment;1
entire;1
entrar;1
entry;1
envious;1
environment;1
epic;1
epl;1
equally;1
era;2
eras;1
erase;1
eres;1
erred;1
errors;1
ertaysh;1
erthing;1
escola;1
espera;1
espirito;1
esta;1
etcanada;1
eterna;1
etgoldnews;1
etkileyecek;1
ettim;1
europa;1
european;1
even;12
evening;1
event;6
ever;9
every;15
everybody;1
everyone;2
everyones;2
everything;6
evidence;1
evolutionary;1
exact;1
exactly;3
examinercom;1
excellent;3
exchange;1
excited;4
exciting;1
excuse;1
execs;1
execution;1
exepa;1
exhibitk;1
exijo;1
exit;1
expand;1
expect;4
expectations;1
expensive;2
experience;4
experienceadditn;1
experts;1
explain;1
explainevrythng;1
expliquer;1
expression;1
extensive;1
extra;1
extremely;1
extrodilarry;1
eye;1
face;4
facebook;13
facebooktocom;1
faces;1
facetime;1
facial;1
fact;3
factors;1
fail;5
failed;1
failing;1
fails;2
failures;1
fair;1
fairlawn;1
faith;1
fake;2
fall;1
falls;1
false;1
famous;1
fan;3
fanboys;2
fancy;1
fans;2
fantastic;2
far;3
fascinating;1
fashion;4
fast;4
fastcodesign;1
faster;3
fault;1
favoritas;1
favorite;2
favourite;1
favs;1
fear;1
fears;1
feature;8
features;4
fecha;1
feed;1
feedback;2
feel;6
feeling;1
feels;1
feio;1
fell;1
female;6
ficou;1
figure;5
figured;1
files;1
filsfan;2
filters;2
final;2
finally;5
find;1
finger;8
fingergate;1
fingerprint;27
fingerprinted;1
fingerprints;6
fingerprintscanning;1
fingerprintsrecognitom;1
fingers;2
finish;2
fire;4
fireandice5935;1
fires;1
firing;1
firm;2
first;7
firstworldproblems;2
fishbat;2
fitness;1
five;1
fivefifths;1
fix;12
fixcontrast;1
fixed;2
fixing;1
fjaskdghdka;1
flame;1
flash;4
flashlight;1
flat;1
flawed;1
flawless;1
flightradar24;1
flights;1
florida;1
florinnitulescu;1
fluid;1
fluzzity;1
fly;1
focus;2
foh;2
folks;2
follow;8
followers;3
follows;1
fool;3
fooling;1
footprint;1
forbes;2
forbid;1
force;3
forecast;1
forever;2
forget;2
forgot;1
forward;2
found;4
freak;37
freakapple;1
freaked;3
freakin;2
freaking;14
freakong;1
freaks;2
free;14
free4all;1
freeee;1
freezes;1
french;2
frente;1
frick;1
frickfuentes;1
fricking;1
friday;4
fridaythe13th;1
friend;1
frmoisesfr;1
front;1
frozen;1
fruit;1
frustrated;1
ftw;1
fuel;2
full;1
fullcharge;1
fullsize;1
fulltimebro;2
fully;1
fun;8
functioning;2
fundas;1
funny;2
future;4
fysiek;1
fysiokerkrade;1
gabriele;1
gadgets;1
galaxy;2
galaxys2;1
game;4
gamemode;1
gamers;1
gap;1
garantie;1
gatos;1
gave;2
gay;1
gazelle;1
gcyc;1
gebruikt;1
geekchic;1
geekhelpinghand;1
geen;1
gekocht;1
geld;1
gelegd;1
gems;1
gen;1
general;1
generate;1
generation;8
generations;1
genius;7
geniusbar;1
gente;1
gents;1
genuine;1
george;1
georgeoaks;1
germania;1
get;60
gets;4
gettin;1
getting;11
ggreenwald;1
ghosttgaming;3
ghosttgamings;1
giddyup;1
gifs;3
gift;1
gifts;1
gigs;2
gileadsciences;1
gimmick;1
ginianightly;2
girl;1
give;15
given;1
giving;1
glad;3
glam;1
glares;1
glass;2
glehel;1
glitches;1
global;4
glorious;1
glossy;1
glove;1
gmail;1
gmailapocalypse;1
goaway;1
god;5
goddarn;1
goddessvicky;1
goede;1
goes;3
going;16
golazo;1
gold;12
golden;1
gollmann;1
gone;4
gonna;9
good;16
goodmorning;1
goodtime;1
google;27
got;13
gotdarn;1
gotta;1
government;3
graag;1
grabbed;1
grand;1
grandi;1
granular;1
gratis;1
grave;1
great;11
greater;1
greedy;1
green;5
greenhousegas;1
greeniphone;1
grey;1
grote;1
group;3
groups;1
grow;1
guardian;1
guardiansustbiz;2
guess;7
guessing;1
gullible;1
gusta;1
guts;1
guy;5
guys;11
haa;1
hacer;1
haci;1
hack;1
hagan;1
hah;1
haha;4
hahaha;3
hahahahaha;1
half;4
hall;1
halp;1
handle;1
hands;1
hangisini;1
happen;6
happend;1
happened;3
happens;1
happier;1
happy;6
happydance;1
hard;3
harde;1
harder;3
hardly;1
hardware;2
harm;1
hasat;1
hasnt;5
hate;19
hatewindows;1
hatred;1
havasinda;1
havent;2
hay;1
heading;1
headphones;6
health;1
healthcare;1
hear;2
hearings;1
heart;2
heaven;1
heck;5
heeey;1
heeft;2
heey;1
hejtuje;1
hella;1
hello;5
help;14
helped;2
helpen;1
helping;2
helpthefellow;1
hey;16
hidden;1
high;5
highend;1
highlight;1
highlights;1
highlyhightori;4
highsnobiety;2
hip;2
hipstamatic;1
hire;1
history;2
hit;2
hobbled;1
hola;1
hold;2
holdold;1
holds;1
home;4
homegirl;1
homeimprovement;2
homeowners;2
homescreen;1
honest;2
hope;6
hopefully;3
hoping;2
hosain;1
hosting;1
hot;2
hottest;1
hour;5
hours;4
house;2
however;1
howswelegant;2
hrs;1
htc;1
http4sqcom14gb9qw;1
http4sqcom14qtges;1
http4sqcom14rqsyb;1
http4sqcom17ylume;1
http4sqcom18lrqgl;1
http4sqcom1eiaj4s;1
http4sqcom1eoiu9d;1
http9gagtvv1132;1
httpaddvccc5;1
httpatlawcom7rs7xt;1
httpbddyme14pxi6q;1
httpbitly13ry27k;1
httpbitly14mbzlm;2
httpbitly14oq6bd;1
httpbitly15v6twt;1
httpbitly160el6m;1
httpbitly16lfd2s;2
httpbitly17pdiv1;1
httpbitly17qodni;1
httpbitly17skerj;1
httpbitly17t8zxo;1
httpbitly17wfujr;2
httpbitly17wle65;1
httpbitly17wvapz;1
httpbitly17y3cmg;1
httpbitly181zl8g;1
httpbitly18couwn;1
httpbitly18w3uph;1
httpbitly18xc8dk;9
httpbitly18xpnxl;1
httpbitly18ybjlq;1
httpbitly1ahyzmo;1
httpbitly1bgrund;1
httpbitly1e6hrok;1
httpbitly1earplz;2
httpbitly1eokgf5;1
httpbitly1g9fk2t;1
httpbitlya83mmb;2
httpbitlyapplesecrets;1
httpbitlywkjhyg;1
httpbitlyyh1pyu;5
httpbloombg1d6rhg6;1
httpbuffly17swtoc;1
httpbuffly17vo9vn;1
httpbuffly187kjcd;1
httpbuffly19ksdcr;1
httpbuffly1dzbmbp;1
httpbuffly1egmopu;2
httpbuffly1em7i8r;1
httpbuffly1emp3xh;1
httpcnnmonie1eur90v;1
httpcolefarrellmeprojects;1
httpcortas5oxn;1
httpdisqus8f4kw3;1
httpdlvrit3ybllz;1
httpdlvrit3ylvbd;1
httpexmnr15tsudj;1
httpfbme1klk3lvn6;1
httpfbme1s22iorjt;1
httpfbme2ckpba4ut;1
httpfbme2pmmkdyvh;1
httpfbme2rus2jzni;1
httpfbme2tg09dhvb;1
httpfbme2yczjotih;1
httpfbme3ehihnvdn;1
httpfbmegh5nfcbe;1
httpfbmet2axa0ty;1
httpflipitruy1k;1
httpflipitwphdk;1
httpforbitlyscaleboxapp;2
httpfwtoqo0dqxt;1
httpgoogl3uip5u;1
httpgoogl4jmh1h;1
httpgoogl6jqkcv;1
httpgooglilvi5t;1
httpgooglpzqzsq;1
httpgooglwktt0;1
httpgucomp3tyeptw;2
httphealthcareoperationsmanagementnet;1
httphtlyoof4v;1
httphtlyopter;1
httphtlyoptjb;1
httphtlyoptmg;1
httphtlyoptnw;1
httphtlyoptny;1
httphtlyoptod;1
httphtlyoptog;1
httphtlyopzms;1
httphtlyopzo9;1
httphtlyopzpm;1
httphtlyopzpn;1
httphtlyopzpr;1
httphtlyopzps;1
httphtlyopzqp;1
httphuffto1fxeibw;1
httpindpn1efw275;1
httpinstagramcomappsolution;1
httpinstagramcompeka4gsjkil;1
httpinstagramcompeoodxzgvpq;1
httpjmp19l1clj;1
httplnisbitly3hja;1
httplnkdinbmwsyrr;1
httplnkdinbncwbj3;1
httpnblogsp1hle;1
httponforbes17uvr33;1
httponforbes19rhh3k;1
httponmashto1bbfsca;1
httponmashto1bq5lp3;1
httponwsjcom186mzi1;1
httpowly22fbs4;1
httpowly22icvt;1
httpowly22kxvv;1
httpowlyi38hxx;1
httpowlyi38y2b;1
httpowlyobk5i;1
httpowlyofqgc;1
httpowlyolcgw;1
httpowlyomlds;1
httpowlyomrmn;1
httpowlyomtd3;1
httpowlyomtkb;1
httpowlyomtwz;1
httpowlyon4ub;1
httpowlyon9uo;1
httpowlyonxpx;1
httpowlyoo0u0;1
httpowlyoocpf;1
httpowlyoonxw;1
httpowlyoooo5;2
httpowlyoorai;1
httpowlyop1xh;1
httpowlyopeax;1
httpowlyopjzk;1
httpowlyopyn7;1
httpowlyopzc5;2
httpowlyoqcgb;1
httpowlyoqlkj;1
httpowlyoqo28;1
httpowlyoqwmp;1
httpowlyor69m;1
httpowlyor9j3;1
httpowlyovszn;1
httppb2co8ppx5;1
httppopsci14mhgof;1
httppostf06pn5;1
httpqzcom123930;1
httpreutrs15tharz;1
httpsdrvms161bqvl;1
httpsdrvms163brns;1
httpsdrvms17vnhha;1
httpsharesijr3q;1
httpsharesiysw0;1
httpsharesiz8kj;1
httpsmgtechmediacompagesapplehtm;1
httpsshrlcpj5yjp;1
httpthndrit14ifdtv;2
httptimehopcom14pf3gc;1
httptinyurlcomnhou46g;1
httptoiinw0o3z;1
httptwitpiccomdd6xjw;1
httpusatly19ofic1;1
httpusatly1eebgce;1
httpwpmepeksv7f;1
httpwwwdatarecuperatienl;1
httpwwwmacobservercomtmodeathknell;1
httpwwwwiredcomopinion201309theunexpectedresultoffingerprintauthenticationthatyoucanttakethefifthmbidsocial11837204;1
httpyoutube1siwez9haba;1
httpyoutube4il5cerxp4a;1
httpyoutubedu0qahcb1s;1
httpyoutubefzg4bcak064;1
httpyoutubepfsj3ilxifu;1
httpziteto181fvic;1
huffposttech;1
huge;5
huh;1
huhu;1
huhuhuhuhu;1
hundreds;1
hurmetler;1
hurry;2
hurryup;1
hurt;3
hurts;1
hype;1
hyperbole;1
iahhc;1
ibeacon;2
ibeacons;1
ibm;2
ibogost;1
ibookstore;1
ibrooklynb;8
ichooseblackberry10;4
icloud;2
icon;1
icons;1
idc;1
idea;9
ideasamsungorapple;1
identity;3
ifluzzthe;1
ignored;1
igo;1
ihavethefirstone;1
ihop;1
ihy;1
ijordans;3
ilife;1
ill;7
illuminated;1
iltifat;1
ima;1
imac;2
image;1
imagination;1
imaging;1
imessage;6
imessages;1
immediately;1
immersive;1
imo;2
imore;1
imovie;4
imparable;1
impatient;1
important;3
impress;1
impressed;2
impresses;1
impressive;4
improve;1
improved;4
improving;2
inakua;1
inc;3
inches;1
include;1
included;1
includes;1
including;1
incredible;1
incredibly;1
increible;1
incremental;1
india;5
indicator;1
indirilmeye;1
individuals;1
industryincredible;1
inear;1
inefficiencies;2
infiltrated;1
info;2
infographic;2
information;3
infrastructure;3
innovate;2
innovates;1
innovating;2
innovatinghello;1
innovation;6
innovations;2
innovative;3
inovasi;1
inovasinya;1
insight;1
inspiration;1
instagram;2
installed;1
instantly;1
instead;12
instore;2
intelcputhat;1
interchange;1
interested;1
interesting;2
interface;1
internet;6
introduces;1
introducing;3
invasive;1
invent;2
inventem;1
invest;1
investors;2
inviolable;1
inviting;1
involved;1
io7;1
ios;37
ios7;24
ios7everybody;1
ios7gm;1
ios7s;2
ipad;88
ipadmini;1
ipads;3
iphone;257
iphone4;1
iphone4s;5
iphone5;7
iphone5c;35
iphone5problems;1
iphone5s;35
iphonec;1
iphonecompanies;1
iphones;30
iphonesetc;1
iphoneteam;2
iphoto;10
ipo;3
ipod;71
ipodplayerpromo;60
ipods;2
iradio;1
ireland;1
irmagazine;1
irobot;1
ironman;1
irony;1
irritated;1
ischool;1
iseeblighty;1
isfarahmad;1
ish;2
ishoes5s;1
isnt;11
iso7;1
issie;1
issue;3
issues;1
isthatsohardtounderstand;1
isti;1
italics;1
itards;1
iterations;1
itll;1
itproportal;1
itsannoying;1
itsfreakingannoying;1
itune;42
itunes;79
itunesfestival;4
itunesmusic;2
ivankostynyk;1
ive;6
iviziapr;2
iwork;3
iyi;1
jab;1
jackson;1
jail;2
jaizlasa;1
japan;2
japoneses;1
jarvis;3
jasonreiner;2
jawbone;1
jawn;1
jay;1
jazzyjeff;1
jealous;2
jeanettehayes;1
jedipad;1
jenniebond1;1
jeremiahg;1
jerk;1
jerks;1
jesus;4
jillmartin77;1
jimmy;1
jimmykimmel;2
jki;1
jlilest;1
jmflooores;1
jmlcolley;3
job;1
jobs;7
jocofino;2
joconfino;4
jogo;1
johanbarnard;3
john;1
johnathonv;1
join;1
joining;1
joint;1
joke;3
jokers;1
joking;2
jon4lakers;1
jonjonnyp;2
jonyive;3
jonyives;1
joshanderson09;2
josiando;1
judging;1
just;60
juste;1
justinbieber;1
jzfan;3
kaitlin;1
kaitlinbongo;1
kaldirsana;1
kalo;2
kama;1
kanka;1
kapot;1
kapotte;1
kat;1
katanya;1
katewalsh;1
katy;1
keeeruh;1
keep;2
keeps;1
kemalnads;2
kepintaran;1
key;4
keyboard;2
keynote;8
kickbutt;1
kid;1
kidding;3
kilitliyken;1
kill;1
killed;1
killer;1
killin;1
killing;1
kills;1
kimi;1
kimmel;1
kind;2
kinda;1
kit;1
kitty;1
kms;1
knew;2
kno;1
know;18
koch;1
konsumen;1
kthanks;1
kufikiria;1
kuqogroup;1
kwijt;1
label;1
labor;1
lack;2
lafond66;2
laggiornamento;1
lagi;1
laikam;1
lame;2
lan;1
lanceulanoff;1
landed;1
landscape;1
lanzamiento;2
lapses;1
laptop;4
las;3
lassistenza;1
last;7
late;1
later;2
laterfor;1
latest;4
laugh;3
laughing;2
launch;3
launche;1
launched;1
launches;1
laurenjessa;4
lawschoolsrat;1
lawsuit;2
lawtechnews;1
lawyers;1
lay;1
lead;1
leading;1
leakage;1
leapmotion;1
leaps;1
learn;1
learned;1
learning;1
least;3
leave;2
led;2
left;4
legal;1
legit;1
length;1
lequel;1
les;1
less;2
let;15
letra;1
lets;2
level;3
level6;1
levels;1
lfw;3
libcrib;1
liberacion;1
liberal;1
liberationtech;1
library;1
lied;1
lies;1
liethey;1
life;9
lifebattery;1
lifeinlofiblog;1
lifes;1
light;3
lighter;1
lighting;1
lihat;1
like;45
liked;1
likes;6
liking;1
limit;1
line;4
lines;2
linking;1
lion;1
lisa;1
lisbeld;1
list;2
listen;1
listening;1
lists;1
literally;4
little;4
live;4
lives;1
livres;1
llegan;1
llombardo007;1
lmao;6
lmaoo;1
lmfao;1
lmkunert;1
lmuia;2
load;2
loading;3
local;1
lock;4
locked;1
locks;1
lodes;1
loeil;1
logo;1
logs;1
lol;21
london;1
long;4
longer;5
look;17
looked;1
looking;6
looks;7
looms;1
loose;1
los;7
lose;2
loset;1
losing;2
lost;6
lot;3
lots;1
love;20
loved;2
lovegreatdesign;1
loveit;1
lovely;1
loving;2
low;2
lowcost;1
lower;3
loyal;1
lrwblog;1
luck;1
luckily;1
lugar;1
luggies;1
lumia;2
lunch;1
lusalazar;2
luv;2
luxury;1
lxforever;4
maam;1
maar;1
mac;8
macbook;10
macbookpro;1
macbooks;1
machine;1
macs;2
mad;3
made;10
magicmouse;1
magnacarta;1
main;1
mainstream;1
major;1
make;36
makeithappen;1
makes;9
makin;1
making;16
mal;1
male;1
malik;2
mall;1
mallow610;2
man;7
management;1
mando;1
manita;2
manoloe69;2
manolomata;1
mans;2
manufactured;1
manufacturers;1
many;7
maps;4
marcas;1
marcgunther;1
marching;1
marciahofmann;1
market;8
marketer;1
marketing;11
markets;1
marketshare;1
markt;1
married;1
mas;4
mashable;2
mashablevideo;1
masih;1
massively;1
massmarket;1
mata;1
match;3
materials;2
matiucurvegawd;4
matte;1
matthouse15;1
mavericks;1
may;5
maybe;6
mbair;1
mcandrews;1
mchoto;1
mcmillen1;1
mcommerce;1
mcpe;1
mcstyle;1
mdm;1
mean;3
meaning;3
means;1
meant;2
media;3
mediacat;1
mee;1
meeting;1
meets;1
megapixel;1
meh;1
mejores;1
melhor;1
memory;1
menos;2
mentioned;1
menu;1
meski;1
mess;1
message;1
messages;2
messaging;1
messed;2
messenger;1
met;4
metal;1
metallic;1
meter;1
metro;2
mfayax;1
mga;1
mhealth;1
mhughes;1
michaeljordan;5
michaeljordanstop;1
microsoft;26
middag;1
middle;3
might;3
mightttt;1
mikesleek;1
mikey;1
mileycyrus;1
millerjr99;1
million;2
millions;1
milliseconds;1
mim;1
mimo;1
mind;2
mindblowngif;1
mine;1
mini;4
minimum;1
minority;1
mint;1
minute;1
minutes;1
mirroring;1
mishiza;8
misleading;1
misled;1
miss;2
missed;7
misspellings;1
missphilly2013;1
misssteve;1
missteps;1
mistakes;1
mizbuchitos;2
mkt;2
mobiel;1
mobile;15
mobilebiz;2
mobilekeverett;1
mobilerevolution;1
mobiles;2
model;1
mogsharif;2
mom;1
momentsfade;1
monday;1
money;8
month;1
months;3
morebut;1
morning;5
morrer;1
morte;1
motherfreaker;1
motion;1
motorola;9
mountain;1
move;4
movie;1
movies;1
moving;2
movistar;4
mpayment;1
mreasyryder;1
mrjamesnoble;1
mrpumpkinslicer;1
msm;1
much;13
muertos;1
muhammad;1
mulderc;1
muldoonpatrick;1
multi;1
multiple;1
multitasking;1
mundo;1
murder;1
music;6
musician;1
musicians;1
must;2
mute;3
muthafreakers;1
muy;1
myapplepl;1
myeyesonlumia;1
nah;1
nail;1
nailed;1
najlepsze;1
name;1
names;1
nangyari;1
nano;2
nao;1
nasa;2
nasdaq;1
nasty;3
native;1
naturallym33h;1
natz0711;7
nava520;1
navidad;1
navneetsainistratixcorpcom;1
nawwww;1
near;1
nearly;1
need;29
needdepth;1
needed;3
needs;7
nefarious;1
neither;4
nerd;1
nerds;2
netflix;1
network;2
never;10
new;113
news;14
newsflash;2
newton;1
next.;17
nexus4;1
nfc;6
ngapain;1
ngerprint;1
ngetest;1
ngo;2
nice;4
niet;1
nieuws;2
nieuwsgierigheid;1
nigdy;1
night;5
nih;1
nike;2
nimbuzz;1
niqqa;1
nissans;1
nitotv;1
niyetinde;1
niyo;1
no1;1
nobody;3
nobrainer;1
noinfoonwebsite;1
nokia;14
nokiaco;1
nokias;2
nokiauk;4
nokiaus;2
nom;1
nonauthorized;1
none;2
nookbn;1
nookstudy;1
nope;1
noprivacy;1
normal;1
normals;1
north;1
nossa;1
notch;1
notcool;1
note;1
notgoodenough;1
nothing;9
noticed;1
notification;2
notifications;2
nouveau;1
november;1
now;46
nowadays;1
nsa;10
nstuff;1
nudes;1
nuestro;1
nuevas;1
nuevo;1
nuevos;5
number;1
numbers;3
numerose;1
nut;1
nyc;1
obligation;1
oblong;1
obsolete;1
obvious;2
oct;1
odds;1
ofa;1
offer;4
offering;1
offerings;1
offers;2
office;3
oggl;1
ohhhhhh;1
ohwell;1
oithelpdesk;1
okay;2
olayini;1
old;10
older;2
olha;1
olmus;1
omdat;1
omfg;3
omg;3
onder;1
one;35
ones;3
onewho;1
onga;1
online;3
onlyclassical;1
onto;1
ontvolgen;1
onze;1
onzin;1
oonga;1
ooooooooooo;1
ooooooooooooooo;1
opcos;1
open;1
operador;1
operating;2
operation;1
opinion;1
opposite;1
opps;1
opt;1
option;4
oracle;1
orange;1
orangehelpers;1
oranges;1
order;1
orig;1
original;2
orra;1
ortada;1
ota;1
oth;1
others;1
ouch;1
oui;1
outchea;1
outdo;1
outon;1
outperforming;2
outta;1
ouukillem;2
overheat;1
overpriced;2
owners;1
ows;1
oxymoron;1
oyincansoda;1
paasa;1
paawey;1
packaging;1
pada;1
page;3
pages;4
painful;1
pair;1
pal;1
palling;1
pandora;3
panel;1
pants;1
paperworkpatient;1
para;6
parallax;1
parem;1
parentoftheyear;1
park;3
parked;1
parody;1
partner;1
partners;1
partnership;1
partridge;1
pasludinaja;1
paso;1
passbook;1
passcode;1
password;4
past;1
pastel;1
pastic;1
patent;2
paul;1
paving;1
pay;4
paying;1
payment;1
paypal;1
pculnan;1
peace;1
peasants;1
pedir;1
peeved;1
pek;1
pelit;1
pen;1
penyevatimetufikisha;1
people;16
peor;1
perfect;6
performance;1
pero;1
person;4
personal;1
personality;1
pessoal;1
peterloudis;1
peutil;1
pgaffii;1
phenomenon;1
phillydvibing;1
phone;75
phoneblocks;1
phoneblockscom;1
phonebloks;2
phonebloksinc;1
phonein;1
phoneits;1
phonen;1
phones;11
phonevacuum;1
photo;1
photography;7
photogs;7
photorateapp;1
php;1
piano;1
pick;1
pickadilly7;1
picture;2
pictures;8
picturesvideos;1
pictwittercom00ddso3i0o;1
pictwittercom0xupojfq3z;1
pictwittercom0z6zd8fymk;1
pictwittercom1r1qt0tg1d;1
pictwittercom29piieq0ue;1
pictwittercom4cfp5lk6hz;1
pictwittercom4vkivk0s0y;1
pictwittercom50fidqhmrd;1
pictwittercom75hrorixpc;1
pictwittercom7etawoyaut;1
pictwittercom8c6idlywtc;1
pictwittercom8itaoafkp2;1
pictwittercomagel53hcjh;1
pictwittercombgfbbqiu0v;1
pictwittercombn0cfcs1cx;1
pictwittercomc6mgamrqmi;1
pictwittercomcm4xccfeqh;1
pictwittercomcxbjgfjiay;1
pictwittercomd8hsgvughg;1
pictwittercomdbwtly6moh;1
pictwittercomdnxoecpq3t;1
pictwittercomdpc2fg8jdv;1
pictwittercomdxutjk5evo;1
pictwittercomdxzz9vibo7;1
pictwittercome6nvt28xkt;1
pictwittercomepn891eak7;1
pictwittercomes1ln0abgc;1
pictwittercomfocsb1fmqc;1
pictwittercomfrvugeo5ad;1
pictwittercomg16dmimdt9;1
pictwittercomgqg5xusyf7;1
pictwittercomhacmrms5i1;1
pictwittercomhgzytex3ya;1
pictwittercomhlvxntisug;1
pictwittercomi0ega8iohp;1
pictwittercomicb7csr5js;1
pictwittercomilb1xrqikd;1
pictwittercomjagqqkjmr3;1
pictwittercomjhis5eispg;1
pictwittercomkkq8femp04;1
pictwittercomlbu9diufrf;1
pictwittercomlbxctxbc8g;1
pictwittercomlga2kaxa4b;1
pictwittercomlh1k8r7tzu;1
pictwittercomlot9cy2ulv;1
pictwittercomm4o7aewgr3;1
pictwittercommh4qf0dam0;1
pictwittercommhvci5fsle;1
pictwittercomndim3qbsb2;1
pictwittercomnnk3vwqalu;1
pictwittercomom0lzdgirs;1
pictwittercomopcgnrzyrw;1
pictwittercomovtw9d1vaj;1
pictwittercomp1yhsjjfzz;1
pictwittercompoegs09trbalifbladz;1
pictwittercompshfqmmnlt;1
pictwittercomqbi2za6xuv;1
pictwittercomqgm8gdrwfe;1
pictwittercomqqdzqe8s4f;1
pictwittercomrauzjtpf60;1
pictwittercomrko36pyt9v;1
pictwittercoms3rzjzyssj;1
pictwittercomsj86urqvm8;1
pictwittercomsjvvjka3sd;1
pictwittercomu1ifcddhei;1
pictwittercomueyrkwl6i6;1
pictwittercomuhypsr33vw;1
pictwittercomw9ckpcey0r;1
pictwittercomx5zy21xfi3;1
pictwittercomxdkgjfx6cn;1
pictwittercomxmhjcu4pcb;1
pictwittercomxs8q9yklaz;1
pictwittercomxshi3gqlku;1
pictwittercomxwqjedhsvt;1
pictwittercomxwr5hvnjyc;1
pictwittercomyarbr8m7fb;1
pictwittercomyehjtsjkmj;1
pictwittercomykaiihu6yy;1
pictwittercomym1a0z6rzj;1
pictwittercomymgc0ugkoa;1
pictwittercomyzh6o5yzlx;1
pictwittercomz05b3sapoy;1
pictwittercomz7vary46yb;1
pictwittercomzrjco2lejn;1
pido;1
pie;1
piece;4
pieces;1
piephone;1
pink;1
piriyankaa;1
piss;2
pissed;2
pissedout;1
pissing;1
pitch;1
pittsburgh;1
place;1
plagiaat;1
plan;2
plannedobsolescence;1
plannen;1
planted;1
plastic;10
play;4
playdoh;1
playing;2
please;21
pleased;1
plezier;1
plot;1
pls;3
plugplay;1
plummet;1
plz;1
pods;1
point;2
polarmoment;1
police;1
policy;1
politics;1
polycarbonate;1
poor;2
poorly;1
popsci;1
por;1
porem;1
porra;1
position;2
possibly;1
post;3
postproducti;1
postproduction;1
posts;2
potasiyam;1
potencia;1
potential;2
potshots;1
pour;1
pouring;1
power;1
powered;1
powerful;1
ppl;8
pr1nc355haybug;1
precise;1
prediction;1
preedward;1
preinstalled;1
premium;1
preorder;12
preordered;2
preorders;4
prepare;1
presale;2
presentasi;1
presentation;1
presentsapple;1
press;2
presses;1
pretty;4
previous;1
previoustweet;1
prezzi;1
price;12
priced;1
prices;1
pricey;1
pricing;2
pridenya;1
print;5
printing;7
prints;2
prior;2
privacy;2
privet;1
pro;7
probably;3
problem;4
problemas;1
problems;3
process;3
processor;2
prodmktg;1
producing;1
product;6
products;10
produk;1
produktami;1
profile;1
profit;1
profits;2
program;1
programmers;1
progressive;1
project;2
promo;20
promoipodplayerpromo;42
promote;1
promoted;1
prone;1
pros;1
protected;1
protection;2
proteger;1
protest;1
proves;1
provide;2
provided;1
providing;2
pschiller;2
psst;1
puedo;1
pug;1
pulled;2
pulling;1
punch;1
punk240z;4
purchase;1
purchased;1
purchases;1
purpose;1
push;1
pushed;1
pushing;1
put;6
putangina;1
putin;1
putins;2
puttin;1
putting;3
pwc;1
pyrited;1
qnx;1
qotd;1
qpr;1
quadcores;1
quality;1
que;12
quelquun;1
quest;1
question;1
queue;1
quick;3
quicker;5
quiero;1
quiet;7
quiilucru;1
quite;3
quote;1
race;2
racebaiting;1
radio;1
raining;1
raise;2
raises;1
ram;3
randominventor;1
randomly;1
rasnaj;1
rate;1
rather;4
ratio;1
raven;1
reacciones;1
reaction;1
read;5
reader;2
reading;1
ready;3
real;4
realese;1
realexpayments;1
realize;2
really;29
reap;1
reason;3
reasons;1
reasonsof;1
recaptured;1
receive;2
received;1
recent;3
recently;2
recessed;1
rechargeable;1
recipies;1
recognition;3
recognize;1
recognizes;1
recommends;7
recovery;2
recycling;1
red;3
redblack;1
reddots;1
redemption;1
redesignhttpowlyonazd;1
reduce;1
refillable;1
refund;2
refuse;5
refusing;3
regain;1
regalenme;1
registering;1
registry;1
regular;1
regulated;1
regulates;1
reigns;1
reimbursed;1
reinstalling;1
rejected;1
rekabet;1
rekaly;1
release;15
released;6
releases;3
releasing;1
remains;3
remember;1
reminds;1
remove;1
removed;1
renaming;1
rendering;1
rent;1
repair;2
repaired;2
replace;2
replaced;2
replacement;1
reply;1
report;1
reporting;1
reps;1
require;1
resale;1
research;1
resembles;1
reset;1
resistir;1
resources;1
respectroyalty5;1
rest;2
restored;1
restoring;1
resumen;2
ret;1
retail;3
retard;1
retina;1
retrofit;1
return;1
retweet;1
reusing;1
reveal;2
revenue;1
review;2
revolutionary;1
revolutionize;2
richard;1
richellelittle;1
richp;1
rid;1
ridiculously;1
right;12
rights;1
rilascia;1
ring;1
ringrazio;1
ringtone;1
ringtones;1
rip;3
ripping;1
risk;1
risky;1
rivals;1
riveraoor;1
road;1
rob;1
robots;1
rockstar;1
rofl;1
roll;1
rolling;1
ross;2
rota;3
royally;1
rude;2
ruined;1
run;2
runs;1
runway;3
rupee;1
rupeefalling;1
rush;1
russian;1
s2g;1
saca;2
sacaba;1
sacrifice;1
sad;4
safari;4
safcofficial;1
sagarkamesh;3
said;7
saka;1
sake;1
sale;1
salesforce;1
samba;1
samssung;3
samsung;24
samsungcamera;1
samsungmobile;2
samsungmobileus;1
samsungsa;8
sans;1
saraiva;1
sarcasm;1
sasirdik;1
satan;1
sation;1
sauce;1
sauto;1
saved;3
savings;1
saw;1
say;11
sayin;1
saying;1
says;9
sbd;1
scaleboxapp;2
scam;1
scan;1
scanner;10
scanning;1
scanningsending;1
scenes;1
schijf;1
school;1
scottsdail;1
scottsdale;1
scratch;1
screen;10
screens;4
screw;1
scum;1
scumbaggery;1
scumbags;1
seattle;1
sec;2
second;4
secret;1
secretive;1
secs;1
secure;1
security;6
securitycompass;1
see;11
seed;1
seeking;1
seem;4
seems;6
seen;2
segar;1
seguridad;1
seklidir;1
selalu;1
select;1
sell;7
sellin;1
selling;2
sells;1
sempre;1
sen;1
send;8
sender;1
seneng;1
sensitivity;1
sensor;1
sensors;1
sensual;1
sent;2
sentence;1
sephora;1
sept;2
sept10;1
sept20;1
september;2
september20th;1
ser;2
series;1
serious;1
seriously;3
serv;1
server;1
servers;1
service;15
services;1
set;1
setting;2
settings;1
shade;1
shallowness;1
shame;5
shameful;1
shapes;1
share;4
shareaholic;1
shares;4
sharpmagazine;1
shastaanne;1
sheisyanni;1
shift;1
shiny;2
ship;2
shoots;1
shopbreamall;1
short;6
shortages;1
shot;2
shots;1
shouldnt;2
shout;1
show;6
showcase;1
showing;1
shutting;1
shutuparielle;1
shy;1
sick;3
side;1
sido;1
siento;1
sign;2
signal;3
signs;2
sigue;1
silly;2
silver;1
sim;1
simonmoeller;1
simple;7
simpler;1
simplification;1
simply;3
simultaneously;1
since;8
sincerely;2
single;2
sir;2
sireltonjohn;1
siri;12
six;1
sixtyfour;1
size;2
skipping;1
sky;1
skyhelpteam;1
skype;1
slaine;1
slammed;1
sleep;2
slick;1
slipping;1
slow;4
slowly;1
slrs;1
small;1
smart;6
smartphone;6
smartphones;1
smartwatch;2
smartypants;1
smh;4
smmfh;1
smooth;1
snap;1
snapchat;1
snapto;1
snowden;2
soannoying;1
sobre;1
social;3
socialparty2013;1
socialwally;2
software;4
soho;1
solar;3
solariphone;1
sold;4
soldier;1
solicitar;1
solo;1
solves;1
somebody;1
somedayvia;1
somehow;1
somemonteur;1
someone;5
someplace;1
something;8
son;2
song;4
sony;1
soon;6
soooo;3
sorprenden;2
sorry;5
sort;1
sound;4
source;1
southern;1
spazzes;1
special;2
specifications;1
speck;1
specs;1
speedand;1
speedux;2
spend;1
spent;3
spirit;1
spot;2
spotwent;1
springer;1
springsummer;3
sprint;6
ss14;1
ssd;1
stable;1
stacks;1
staff;1
stairs;1
stand;5
standing;2
stands;1
starbucks;1
start;2
started;4
starting;2
startup;1
startups;1
starworldindia;1
stat;1
statement;2
statements;1
status;1
stay;2
stayed;1
steal;1
steep;1
steer;1
step;1
stephenclark;1
stepping;1
steps;1
steve;12
stevejobs;3
stick;4
still;18
stinks;1
stock;6
stone;2
stop;11
stopped;2
stops;1
storage;3
store;36
store12;1
storean;1
stored;3
storefront;1
stores;1
straight;5
strange;2
strategy;4
stratix;1
streets;1
strength;1
strictlygeeky;1
strong;1
stuck;2
student;1
students;2
stuff;13
stuffjx;1
stuffty;2
stunning;2
stupid;7
stupidmicrosoft;1
sturdier;1
stycznosci;1
submit;1
submitted;2
subotaged;1
subproducto;1
subway;1
succeed;1
successful;1
suck;5
suckingup;1
sucks;2
sudden;1
suddenly;1
sue;1
sues;1
sufficient;1
suits;1
summin;1
summit;1
sunderland;1
sunulmus;1
sup;2
support;10
supposed;2
sure;15
surely;1
surfers;1
surprise;1
surprised;1
survive;1
sus;5
sustainability;1
sustainable;1
swaggal;3
swapped;1
swear;2
sweat;1
swiftest;1
switch;5
switched;1
switcher;1
switching;3
swollen;1
syncing;1
sysco;2
system;4
taaaaanto;1
tab;1
tables;1
tablet;1
tablets;2
tabs;1
tacky;1
tactustherapy;1
tak;1
take;8
taken;1
takentooz;1
takes;3
taking;4
taklit;1
talk;3
talked;2
talking;1
talkingpayments;1
taman;1
tambien;1
tanzania;1
tao;1
taps;1
tarekalaya;1
taste;1
taught;1
tax;1
taxavoidance;1
taxesw;1
tbh;1
tbt;1
tcot;1
team;4
teamapple;1
teaming;2
teamiphone;4
tear;1
teaser;3
teases;1
tech;13
technical;1
technically;1
technobuffalo;1
technologically;1
technology;7
techstationit;1
tegenslag;1
tehgreenmc;2
tek;1
telcos;1
telecelchitchat;1
telefonu;1
telefonumu;1
telefoon;1
tell;7
tells;4
telstra;1
telus;1
tempt;1
tempted;1
ten;1
tendre;1
tengan;1
tenho;1
tentei;1
term;2
terrible;1
terrorists;1
tesekur;1
test;3
testicular;1
testing;1
text;6
texting;1
texts;4
thank;8
thanking;1
thanks;24
thanxapple;1
thatd;1
thats;17
the1ndonly365;2
theamazingsimon;1
theappleinc;1
theatlantictech;1
thedimassa;1
theespinalien;1
theft;2
thegoldalbum;1
thegreatest;1
thehoneymad;1
thehottspot;3
themixxhangout;3
themixxradio;2
theorist;1
thepartycow;4
thephenom007;1
theregoesallmydatausage;1
theres;3
thereval;1
theyll;1
theyre;6
thieves;2
thing;8
thinglook;1
things;7
think;26
thinkauto;1
thinkdifferent;1
thinking;2
thinks;1
thirtytwo;1
thnx;1
tho;7
though;3
thoughgold;1
thought;5
thoughts;3
three;1
threelegged;1
throw;1
throwin;1
thru;1
thumb;2
thumbprint;1
thunderbolt;1
thx;3
tiagouss;1
ticigajiem;1
tienda;1
tiene;1
tightlipped;1
tik;1
til;1
tiles;1
till;1
tim;2
timcook;1
timcookappleceo;1
time;29
times;5
timesnow;1
tired;1
tks;1
tmcconnon;2
tmk;1
today;13
todaybe;1
toddcox;1
toetsenbord;1
together;6
toi;1
tokio;1
told;2
toma;1
tomfairclough9;1
tomlinshortcake;1
tomorrow;3
tone;1
tones;1
tongue;1
tonight;1
tontos;1
took;2
tools;2
top;2
topics;1
topicshighlights;1
toque;1
totally;3
touch;6
touchid;8
touchscreen;1
town;1
township;1
toys;1
traceyliddle;1
trade;1
trademark;1
trademarked;1
traditional;1
tragic;1
trail;1
trailer;1
transfer;2
transition;1
tras;1
trava;1
travel;1
trendlabs;1
trendmicro;1
trendsetters;1
tribiztech;1
trick;3
tried;2
tries;1
trigger;1
trippin;1
trouble;1
true;6
truly;2
trustworthy;1
try;6
trying;6
tryna;2
tsss;1
tuesday;1
tumbled;1
turkiyede;1
turn;6
turned;1
turning;1
turns;4
tus;1
tvmattscott;1
twc;1
twee;1
tweet;2
tweetdeck;1
tweeting;1
twerk;1
twits;1
twitter;22
twitters;2
two;7
twohat007;1
tyga;1
tylko;1
type1;1
types;1
typical;1
ucuz;2
uggh;1
ugh;4
ughnarrybye;1
uglies;1
ugly;4
uglyapps;1
uksga;2
uma;1
una;2
unapologetically;1
unbelievably;1
uncapitalize;1
undefined;2
undercover;1
undercut;1
understand;4
understanding;1
underwhelming;1
underwhelms;1
undetailed;1
unexpected;1
unfavourably;1
unfortunate;1
ungodly;1
unibody;1
unit;1
uniteblue;1
universityofky;2
unless;1
unlock;3
unlocking;2
unlook;1
unmasking;1
unreal;1
unsend;1
unsubscribe;1
unusable;1
unveiled;1
unveils;1
upcoming;1
update;16
updated;1
updates;3
updating;3
upgrade;9
upgradebrand;1
upgraded;2
upgradethe;1
upload;1
upset;1
upsetting;1
usa;1
usa99;1
usability;1
usatoday;2
use;18
used;5
usefulness;1
users;6
uses;3
using;14
ustedes;1
usually;1
usuarios;2
utility;1
uvvu;1
uwscreative;3
v2vista;1
vadaydg;1
vaginitis;1
vai;1
valuation;1
value;1
van;2
variety;1
veel;2
venta;1
venturebeat;1
verdommen;1
verge;1
verizon;3
verizonwireless;3
version;4
vervangen;1
veryright;1
veteran;1
via;20
vibrating;1
video;11
videos;1
vienen;1
view;3
vintage;1
violin;1
virginmobileusa;1
visit;1
visto;1
vive;1
vladimir;1
vladsays;1
voice;2
volleying;2
volumes;1
voor;2
vou;1
vuelta;1
vulgar;3
waathaaaaan;1
waay;1
wacwac;1
wah;1
wait;11
waited;2
waiting;6
wake;1
walkman;1
wall;1
wallets;1
wallmart;1
wallpaper;1
wallpapers;1
walmart;2
walmarts;1
wanna;4
want;23
wantapple;1
wanted;3
wants;4
war;1
warna;1
warned;1
warning;2
warranty;2
wasnt;4
wassup;2
wasteoftime;1
watch;5
watched;2
watchespn;1
watching;5
waterproof;5
way;13
wayne;1
wayneshurts;1
ways;1
weather;2
web;1
website;3
wednesday;1
week;7
weekend;1
weeki;1
weeks;3
weird;3
weken;1
welcome;1
welfare;1
well;22
wen;2
wensen;1
wenst;1
went;4
westlake;1
wet;1
wether;1
whack;2
whatnot;1
whats;7
whatsapp;1
wheel;1
whelpim;1
wheremyringat;1
wheres;3
wherever;1
whether;1
white;7
whitehouse;1
whitelist;1
whitesilver;3
whoever;1
whole;1
whose;1
wielu;1
wifes;1
wifi;4
wij;1
wil;1
wilcoxaj;1
wile;1
will;53
willen;1
willing;2
windows;4
windows8;1
windowsphone;9
windsorer;1
winner;1
winphan;1
winthemoment;1
wireless;1
wish;7
wished;1
wishes;2
wishihadandroid;1
wishing;2
within;3
without;6
wlh;1
woe;1
woke;2
wold;1
womenswear;1
won;2
wonder;4
wonderful;1
wondering;1
wont;17
wooden;1
word;3
wordsofwisdom;1
work;13
worked;1
working;8
workingirl;1
works;3
world;6
worldwide;2
worried;1
worry;2
worse;3
worst;8
worth;5
wouldnt;1
wouldve;1
wow;9
wp8;1
wpcentral;1
wrecking;1
write;2
wrong;3
wsdottraffic;1
wsj;1
wtf;14
xconomy;1
xfrancesjoanna;1
xxswegboy069xx;1
yahoo;1
yakin;1
yal;2
yall;16
yanlis;1
yapicam;1
yapilan;1
yapilmistir;1
yatayoye;2
yaw;1
ybarra214amy;1
yeah;4
year;15
years;4
yellow;2
yenisini;1
yer;1
yes;7
yesplease;1
yesterday;2
yesterdays;1
yet;13
yetits;1
yikes;1
yiyon;1
yldthng;1
yoga;1
yoksanirim;1
yolluomussun;1
yooo;7
youd;1
youre;13
yourthoughts;1
youtube;3
youve;1
yurbuds;1
z10;1
zifmstereo;1
zimmerman;1
zippos;1
zostac;1
